accuracy,loss
0.9556333422660828,0.1468798816204071
0.9847666621208191,0.047174014151096344
0.9898333549499512,0.03198004513978958
0.9926499724388123,0.023715579882264137
0.9945499897003174,0.017781376838684082
