accuracy,loss
0.9277833104133606,0.24354106187820435
0.9712833166122437,0.09376310557126999
0.981249988079071,0.06063418090343475
0.9870166778564453,0.04226721078157425
0.9905999898910522,0.0305826086550951
